ID,Genre
1,Action
2,Modern
3,Action
4,Action
5,Action
6,Role-Playing
7,Action
8,Role-Playing
9,Role-Playing
10,Action
10,Adventure
11,Strategy
12,Action
13,Action
14,Role-Playing
15,Adventure
16,Role-Playing
17,Strategy
18,Role-Playing
19,Strategy
20,Action
21,Strategy
22,Action
22,Adventure
23,Action
23,Adventure
24,Strategy
25,Role-Playing
26,Role-Playing
27,Action
27,Adventure
28,Action
29,Strategy
30,Simulation
31,Strategy
32,Sports
33,Action
34,Action
34,Adventure
35,Action
35,Adventure
36,Role-Playing
37,Strategy
38,Action
38,Adventure
39,Strategy
40,Action
41,Strategy
42,Strategy
43,Role-Playing
44,Sports
45,Sports
46,Action
46,Adventure
47,Action
48,Strategy
49,Role-Playing
50,Driving
51,Role-Playing
52,General
53,Simulation
54,Simulation
55,Action
55,Adventure
56,Action
56,Adventure
57,Adventure
58,Action
59,Role-Playing
60,Sports
61,Adventure
62,Sports
63,Action
64,Action
64,Adventure
65,Strategy
66,Action
67,Action
68,Action
69,Role-Playing
70,Action
70,Adventure
71,Action
72,Role-Playing
73,Role-Playing
74,Action
75,Role-Playing
76,Action
77,Role-Playing
78,Action
79,Sports
80,Simulation
81,Role-Playing
82,Miscellaneous
83,Action
84,Strategy
85,Action
86,Sports
87,Action
88,Sports
89,Action
89,Adventure
90,Action
91,Action
92,Action
93,Strategy
94,Simulation
95,Strategy
96,Simulation
97,Action
98,Simulation
99,Action
99,Adventure
100,Strategy
101,Role-Playing
102,Role-Playing
103,Driving
104,Action
104,Adventure
105,Strategy
106,Strategy
107,Strategy
108,Role-Playing
109,Action
110,Compilations
111,Strategy
112,Strategy
113,Role-Playing
114,Role-Playing
115,Role-Playing
116,Action
117,Role-Playing
118,Sports
119,Sports
120,Action
121,Action
122,Driving
123,Adventure
124,Role-Playing
125,Strategy
126,Strategy
127,Miscellaneous
128,Role-Playing
129,Action
130,Action
131,Sports
132,Strategy
133,Driving
134,Action
135,Action
136,Sports
137,Strategy
138,Role-Playing
139,Strategy
140,Driving
141,Action
142,Adventure
143,Action
144,Action
145,Sports
146,Driving
147,Action
147,Adventure
148,Strategy
149,Role-Playing
150,Simulation
151,Strategy
152,Action
152,Adventure
153,Action
154,Action
155,Strategy
156,Action
156,Adventure
157,Driving
158,Action
159,Sci-Fi
160,Action
161,Action
162,Strategy
163,Sports
164,Strategy
165,Strategy
166,Action
167,Sports
168,Role-Playing
169,Strategy
170,Strategy
171,Action
172,Action
173,Adventure
174,Card
174,Battle
174,Games
175,Strategy
176,Driving
177,Action
178,Role-Playing
179,Action
180,Action
181,Real-Time
181,Strategy
182,Role-Playing
183,Strategy
184,Strategy
185,Role-Playing
186,Action
187,Miscellaneous
188,Role-Playing
189,Role-Playing
190,Action
191,Sports
192,Action
193,Role-Playing
194,First-Person
195,Role-Playing
196,Strategy
197,Action
198,Action
199,Sports
200,Action
201,Action
201,Adventure
202,Strategy
203,Driving
204,Action
205,Driving
206,Action
207,Strategy
208,Simulation
209,Action
209,Adventure
210,Role-Playing
211,Adventure
212,Action
213,Action
214,Action
214,Adventure
215,Miscellaneous
216,Action
217,Action
218,Action
219,Sports
220,Role-Playing
221,Miscellaneous
222,Action
223,Strategy
224,Action
225,Role-Playing
226,Strategy
227,Action
228,Driving
229,Action
230,Action
231,Role-Playing
232,Strategy
233,Action
234,Action
235,Sports
236,Strategy
237,Sports
238,Strategy
239,Miscellaneous
240,Role-Playing
241,Strategy
242,Strategy
243,Adventure
244,Action
245,Adventure
246,Action
247,Strategy
248,Strategy
249,Strategy
250,Simulation
251,Role-Playing
252,Massively
252,Multiplayer
252,Online
253,Sports
254,Sports
255,Role-Playing
256,Action
257,Action
258,Action
259,Strategy
260,Action
260,Adventure
261,Strategy
262,Action
262,Adventure
263,Action
263,Adventure
264,Action
265,Role-Playing
266,Simulation
267,Strategy
268,Driving
269,Sports
270,Strategy
271,Simulation
272,Role-Playing
273,Action
273,Adventure
274,Action
275,Action
276,Action
277,Adventure
278,Strategy
279,Role-Playing
280,Action
280,Adventure
281,Role-Playing
282,Action
283,Action
284,Adventure
285,Action
286,Miscellaneous
287,Strategy
288,Action
288,Adventure
289,General
290,Action
291,Sports
292,Simulation
293,Driving
294,Action
295,Strategy
296,Sports
297,Role-Playing
298,Adventure
299,Role-Playing
300,General
301,Strategy
302,Role-Playing
303,Action
304,Action
305,Strategy
306,Strategy
307,Adventure
308,Simulation
309,Turn-Based
309,Strategy
310,Action
311,Action
312,Strategy
313,Role-Playing
314,Action
315,Action
315,Adventure
316,Racing
317,Adventure
318,Role-Playing
319,Racing
320,Sports
321,Action
321,Adventure
322,Simulation
323,Sci-Fi
324,City
324,Building
325,Simulation
326,Action
327,Sports
328,Role-Playing
329,Racing
330,Adventure
331,Role-Playing
332,Adventure
333,Strategy
334,Action
335,Role-Playing
336,Action
337,Action
338,Action
339,Role-Playing
340,Strategy
341,Strategy
342,Action
343,Action
344,Sports
345,Role-Playing
346,Action
347,Action
348,Strategy
349,Action
350,Driving
351,Role-Playing
352,Action
353,Action
353,Adventure
354,Fantasy
355,Driving
356,Sports
357,Role-Playing
358,Role-Playing
359,Role-Playing
360,Strategy
361,Action
362,Action
363,Miscellaneous
364,Strategy
365,Adventure
366,Action
366,Adventure
367,Adventure
368,Driving
369,Adventure
370,Strategy
371,General
372,Simulation
373,Action
374,Action
374,Adventure
375,Miscellaneous
376,Strategy
377,Action
378,Miscellaneous
379,Miscellaneous
380,Action
381,Role-Playing
382,Sports
383,Role-Playing
384,Role-Playing
385,Action
385,Adventure
386,Sports
387,Action
387,Adventure
388,Role-Playing
389,Sports
390,Strategy
391,Role-Playing
392,Action
393,Miscellaneous
394,Action
394,Adventure
395,Driving
396,Strategy
397,Sports
398,Adventure
399,Sci-Fi
400,Massively
400,Multiplayer
401,Role-Playing
402,Role-Playing
403,Adventure
404,Miscellaneous
405,Action
405,Adventure
406,Role-Playing
407,Strategy
408,Role-Playing
409,Strategy
410,Strategy
411,Action
411,Adventure
412,Miscellaneous
413,Action
414,Role-Playing
415,Driving
416,Miscellaneous
417,Role-Playing
418,Miscellaneous
419,Miscellaneous
420,Role-Playing
421,Strategy
422,Strategy
423,Strategy
424,Driving
425,Role-Playing
426,Action
427,Sports
428,Adventure
429,Role-Playing
430,Adventure
431,Strategy
432,Strategy
433,Strategy
434,Action
435,Adventure
436,Strategy
437,Role-Playing
438,Strategy
439,Action
439,Adventure
440,Action
441,Action
441,Adventure
442,Action
443,Action
443,Adventure
444,Strategy
445,Strategy
446,Simulation
447,Role-Playing
448,Strategy
449,Driving
450,Simulation
451,Action
451,Adventure
452,Strategy
453,Action
454,Action
455,Adventure
456,Strategy
457,Action
458,Strategy
459,General
460,Role-Playing
461,Action
462,Action
463,Action
464,Role-Playing
465,Action
465,Adventure
466,Driving
467,Strategy
468,Action
469,Action
470,Strategy
471,Driving
472,Action
473,Strategy
474,Strategy
475,Role-Playing
476,Role-Playing
477,Action
478,Miscellaneous
479,Action
479,Adventure
480,Action
480,Adventure
481,Strategy
482,Role-Playing
483,Action
484,Miscellaneous
485,Strategy
486,Strategy
487,Strategy
488,Strategy
489,Role-Playing
490,Action
491,Historic
492,Action
492,Adventure
493,Role-Playing
494,Action
495,Action
496,Adventure
496,Games
497,Role-Playing
498,Sports
499,Adventure
500,Action
500,Adventure
501,Driving
502,Strategy
503,Sports
504,Driving
505,Sports
506,Role-Playing
507,Strategy
508,Role-Playing
509,Role-Playing
510,Action
511,Role-Playing
512,Strategy
513,Miscellaneous
514,Action
515,Action
515,Adventure
516,Action
517,Driving
518,Driving
519,Simulation
520,Action
521,Action
522,Action
523,Simulation
524,Role-Playing
525,Action
525,Adventure
526,Sports
527,Adventure
528,Role-Playing
529,Action
530,Sports
531,Action
532,Role-Playing
533,Action
534,Simulation
535,Driving
536,Role-Playing
537,Strategy
538,Role-Playing
539,Strategy
540,Driving
541,Action
541,Adventure
542,Action
543,Adventure
544,Driving
545,Action
545,Adventure
546,Action
547,Simulation
548,Adventure
549,Adventure
550,Strategy
551,Action
552,Strategy
553,Driving
554,Action
554,Adventure
555,Real-Time
555,Strategy
556,Action
557,Action
558,Action
559,Simulation
560,Action
560,Adventure
561,Sci-Fi
562,Role-Playing
563,Action
564,Adventure
565,Strategy
566,Driving
567,Role-Playing
568,Strategy
569,Role-Playing
570,Adventure
571,Action
571,Adventure
572,Modern
573,Strategy
574,Miscellaneous
575,Adventure
576,Miscellaneous
577,Simulation
578,Action
578,Adventure
579,Role-Playing
580,Adventure
581,Miscellaneous
582,Role-Playing
583,Role-Playing
584,Strategy
585,Strategy
586,Miscellaneous
587,Adventure
588,Role-Playing
589,Strategy
590,Adventure
591,Strategy
592,Action
593,Strategy
594,Sports
595,Role-Playing
596,Adventure
597,Action
597,Adventure
598,Action
598,Adventure
599,Driving
600,Driving
601,Adventure
602,Role-Playing
603,Strategy
604,Action
605,Action
606,General
607,Action
608,Action
608,Adventure
609,Strategy
610,Role-Playing
611,Driving
612,Sports
613,Role-Playing
614,Strategy
615,Action
616,Action
617,Role-Playing
618,Role-Playing
619,Strategy
620,Sports
621,Strategy
622,Strategy
623,Strategy
624,Adventure
625,Adventure
626,Massively
626,Multiplayer
627,Sports
628,Miscellaneous
629,Adventure
629,Games
630,Miscellaneous
631,Simulation
632,Action
633,Fantasy
634,Strategy
635,Action
636,Sports
637,Role-Playing
638,Adventure
639,Sports
640,Miscellaneous
641,Simulation
642,Role-Playing
643,Fantasy
644,Miscellaneous
645,Action
645,Adventure
646,Action
647,Driving
648,Role-Playing
649,Action
649,Adventure
650,Strategy
651,Simulation
652,Role-Playing
653,Action
654,Action
655,Action
656,Adventure
657,Simulation
658,Sports
659,Miscellaneous
660,Strategy
661,Action
661,Adventure
662,Driving
663,Sports
664,Massively
664,Multiplayer
665,Adventure
665,Games
666,Role-Playing
667,Sports
668,Driving
669,Action
670,Simulation
671,Adventure
672,Action
673,Action
674,Miscellaneous
675,Puzzle
676,Action
677,Role-Playing
678,Simulation
679,Action
680,Strategy
681,Adventure
682,Role-Playing
683,Strategy
684,Sci-Fi
685,Action
686,Role-Playing
687,Sports
688,Action
689,Action
689,Adventure
690,Action
690,Adventure
691,Action
692,Action
692,Adventure
693,Action
693,Adventure
694,Role-Playing
695,Adventure
696,Role-Playing
697,Action
698,Role-Playing
699,Action
700,Driving
701,Miscellaneous
702,Strategy
703,Adventure
704,Action
704,Adventure
705,Miscellaneous
706,Adventure
707,Action
708,Action
709,Strategy
710,Driving
711,Driving
712,Strategy
713,Miscellaneous
714,Role-Playing
715,Role-Playing
716,Driving
717,Strategy
718,Role-Playing
719,Adventure
720,Action
721,Role-Playing
722,Miscellaneous
723,Action
724,Other
724,Strategy
724,Games
725,Strategy
726,Action
726,Adventure
727,General
728,Strategy
729,Puzzle
730,Role-Playing
731,Action
732,Strategy
733,Miscellaneous
734,Action
735,Role-Playing
736,Sports
737,Strategy
738,Role-Playing
739,Role-Playing
740,Action
741,Simulation
742,Action
743,Strategy
744,Action
745,Role-Playing
746,Strategy
747,Role-Playing
748,Strategy
749,Simulation
750,Role-Playing
751,Action
752,Action
753,Strategy
754,Role-Playing
755,Strategy
756,Racing
757,Adventure
758,Strategy
759,Strategy
760,Action
761,Adventure
762,Action
763,Driving
764,Action
764,Adventure
765,Action
766,Action
767,Role-Playing
768,Action
769,Action
770,Driving
771,Strategy
772,Role-Playing
773,Action
774,Miscellaneous
775,Strategy
776,Strategy
777,Strategy
778,Sports
779,Strategy
780,Strategy
781,Role-Playing
782,Adventure
783,Action
784,Role-Playing
785,Strategy
786,Strategy
787,Strategy
788,Action
789,Action
789,Adventure
790,Driving
791,Adventure
792,Action
793,Strategy
794,Adventure
795,Action
795,Adventure
796,Action
797,Strategy
798,Action
799,Driving
800,Role-Playing
801,Adventure
802,Strategy
803,Sports
804,Miscellaneous
805,Role-Playing
806,Action
806,Adventure
807,Adventure
808,Action
808,Adventure
809,Simulation
810,Action
810,Adventure
811,Action
812,Action
812,Adventure
813,Action
814,Action
815,Role-Playing
816,Action
816,Adventure
817,Sports
818,Action
818,Adventure
819,Action
820,Strategy
821,Action
821,Adventure
822,Strategy
823,Strategy
824,Strategy
825,Action
826,Sports
827,Role-Playing
828,Sci-Fi
829,Driving
830,Adventure
831,Action
832,Adventure
833,Strategy
834,Strategy
835,Sports
836,Action
837,Action
837,Adventure
838,Role-Playing
839,Action
840,Role-Playing
841,Role-Playing
842,Miscellaneous
843,Action
844,Miscellaneous
845,Action
845,Adventure
846,Strategy
847,Action
848,Adventure
848,Games
849,General
850,Simulation
851,Action
852,Role-Playing
853,Sports
854,Role-Playing
855,Strategy
856,Role-Playing
857,Action
858,Action
859,Action
860,Action
861,First-Person
862,Role-Playing
863,Role-Playing
864,Strategy
865,Strategy
866,Strategy
867,Strategy
868,Miscellaneous
869,Adventure
870,Adventure
871,Action
871,Adventure
872,Strategy
873,Driving
874,Action
875,Action
876,Action
877,Action
878,Action
878,Adventure
879,Miscellaneous
880,Strategy
881,Action
881,Adventure
882,Console-style
882,RPG
883,Adventure
884,Strategy
885,Action
886,Strategy
887,Miscellaneous
888,Adventure
889,Action
890,Strategy
891,Sports
892,Action
892,Adventure
893,Action
894,Driving
895,Strategy
896,Action
897,Strategy
898,Strategy
899,Strategy
900,Action
901,Adventure
902,Action
903,Action
904,Action
905,Miscellaneous
906,Strategy
907,Action
907,Adventure
908,Adventure
909,Role-Playing
910,Action
911,Simulation
912,Adventure
913,Strategy
914,Strategy
915,Action
916,Strategy
917,Role-Playing
918,Driving
919,Adventure
920,Strategy
921,Adventure
922,Strategy
923,Strategy
924,Miscellaneous
925,Driving
926,Action
927,Strategy
928,Strategy
929,Simulation
930,Strategy
931,Miscellaneous
932,Sports
933,Adventure
934,Role-Playing
935,Strategy
936,Strategy
937,Simulation
938,Simulation
939,Strategy
940,Strategy
941,Action
942,Simulation
943,Strategy
944,Strategy
945,Adventure
946,Adventure
947,Action
948,Simulation
949,Sports
950,Action
951,Action
952,Role-Playing
953,Action
954,Action
954,Adventure
955,Miscellaneous
956,Driving
957,Action
958,Role-Playing
959,Action
959,Adventure
960,Action
961,Strategy
962,Miscellaneous
963,Adventure
964,Role-Playing
965,Adventure
966,Action
966,Adventure
967,Strategy
968,Adventure
969,Action
970,Simulation
971,Strategy
972,Action
973,Action
973,Adventure
974,Adventure
975,Driving
976,Action
977,Strategy
978,Strategy
979,Adventure
980,Adventure
981,Action
982,Role-Playing
983,Strategy
984,Action
985,Strategy
986,Strategy
987,Strategy
988,Action
989,Miscellaneous
990,Adventure
991,Role-Playing
992,Role-Playing
993,Racing
994,Adventure
995,Role-Playing
996,Action
997,Miscellaneous
998,Action
999,Action
999,Adventure
1000,Simulation
1001,Action
1001,Adventure
1002,Action
1003,Action
1004,General
1005,Action
1006,Role-Playing
1007,Strategy
1008,Action
1008,Adventure
1009,Puzzle
1010,Action
1011,Strategy
1012,Adventure
1013,Strategy
1014,Action
1015,Action
1015,Adventure
1016,Action
1017,Action
1017,Adventure
1018,Adventure
1019,Adventure
1020,Modern
1021,Strategy
1022,Strategy
1023,Role-Playing
1024,Driving
1025,Action
1025,Adventure
1026,Action
1026,Adventure
1027,Role-Playing
1028,Miscellaneous
1029,Adventure
1030,Role-Playing
1031,Strategy
1032,Strategy
1033,Action
1034,Action
1035,Driving
1036,Action
1037,Action
1038,Adventure
1039,Action
1040,Miscellaneous
1041,Racing
1042,Role-Playing
1043,Action
1044,Adventure
1045,Action
1046,Driving
1047,Action
1048,Sports
1049,Strategy
1050,Action
1051,Action
1052,Role-Playing
1053,Action
1054,Action
1055,Action
1055,Adventure
1056,Action
1057,Action
1058,Action
1058,Adventure
1059,Role-Playing
1060,Strategy
1061,Strategy
1062,Simulation
1063,Action
1064,Miscellaneous
1065,Action
1066,Strategy
1067,Role-Playing
1068,Action
1069,Strategy
1070,Adventure
1071,Adventure
1071,Games
1072,Adventure
1073,Puzzle
1074,Action
1075,Sports
1076,Action
1076,Adventure
1077,Action
1078,Action
1078,Adventure
1079,Sports
1080,Driving
1081,Action
1082,Strategy
1083,Sports
1084,Strategy
1085,Action
1086,Simulation
1087,Sports
1088,Role-Playing
1089,Action
1090,Action
1091,Action
1091,Adventure
1092,PC-style
1092,RPG
1093,Strategy
1094,Miscellaneous
1095,Simulation
1096,Strategy
1097,Role-Playing
1098,Miscellaneous
1099,Sports
1100,Strategy
1101,Action
1102,Simulation
1103,Driving
1104,Sports
1105,Action
1106,Action
1107,Strategy
1108,Miscellaneous
1109,Action
1110,Simulation
1111,Miscellaneous
1112,Action
1113,Action
1114,Action
1115,Action
1116,Strategy
1117,Role-Playing
1118,Sports
1119,Strategy
1120,Driving
1121,Strategy
1122,Action
1123,Action
1124,Role-Playing
1125,Role-Playing
1126,Role-Playing
1127,Adventure
1128,Action
1129,Role-Playing
1130,Action
1131,Strategy
1132,Strategy
1133,Driving
1134,Adventure
1135,Strategy
1136,Adventure
1137,Miscellaneous
1138,Adventure
1139,Action
1139,Adventure
1140,Action
1140,Adventure
1141,Sports
1142,Role-Playing
1143,Strategy
1144,Simulation
1145,Role-Playing
1146,Action
1147,Role-Playing
1148,Strategy
1149,Strategy
1150,Action
1150,Adventure
1151,Action
1152,Action
1152,Adventure
1153,Action
1154,Role-Playing
1155,Driving
1156,Strategy
1157,Strategy
1158,Adventure
1159,Action
1160,Driving
1161,Action
1162,Adventure
1163,Role-Playing
1164,Action
1164,Adventure
1165,Strategy
1166,Action
1167,Action
1168,Strategy
1169,Sports
1170,Sports
1171,Sports
1172,Action
1173,Action
1174,Strategy
1175,Role-Playing
1176,Strategy
1177,Strategy
1178,Strategy
1179,Action
1180,Action
1181,Strategy
1182,Strategy
1183,Simulation
1184,Action
1185,Strategy
1186,Role-Playing
1187,Action
1187,Adventure
1188,Action
1189,Adventure
1190,Strategy
1191,Strategy
1192,Strategy
1193,Adventure
1194,Strategy
1195,Action
1196,Action
1197,Miscellaneous
1198,Strategy
1199,Strategy
1200,Driving
1201,Action
1202,Action
1203,Action
1204,Action
1205,Action
1206,Action
1206,Adventure
1207,Simulation
1208,Sports
1209,Strategy
1210,Sports
1211,Miscellaneous
1212,Action
1213,Strategy
1214,Action
1215,Action
1216,Action
1216,Adventure
1217,Miscellaneous
1218,Adventure
1219,Action
1219,Adventure
1220,Sci-Fi
1221,Action
1222,Sports
1223,Strategy
1224,Role-Playing
1225,Strategy
1226,Role-Playing
1227,Action
1228,Role-Playing
1229,Simulation
1230,Strategy
1231,Adventure
1232,Sports
1233,Sports
1234,Action
1234,Adventure
1235,Strategy
1236,Strategy
1237,Action
1238,Driving
1239,Real-Time
1239,Strategy
1240,Role-Playing
1241,Action
1242,Role-Playing
1243,Sports
1244,Strategy
1245,Other
1245,Strategy
1245,Games
1246,Strategy
1247,Adventure
1248,Action
1249,Strategy
1250,Action
1250,Adventure
1251,Action
1251,Adventure
1252,Driving
1253,Adventure
1254,Action
1255,Role-Playing
1256,Action
1257,Adventure
1258,Adventure
1259,Action
1259,Adventure
1260,Simulation
1261,Role-Playing
1262,Action
1263,Adventure
1264,Strategy
1265,Action
1265,Adventure
1266,Strategy
1267,Action
1268,Action
1268,Adventure
1269,Strategy
1270,Action
1271,Strategy
1272,Action
1273,Miscellaneous
1274,Strategy
1275,Role-Playing
1276,Action
1277,Simulation
1278,Strategy
1279,Strategy
1280,Action
1281,Strategy
1282,Action
1283,Action
1284,Driving
1285,Action
1286,Strategy
1287,Action
1287,Adventure
1288,Strategy
1289,Strategy
1290,Action
1291,Adventure
1292,Adventure
1293,Simulation
1294,Simulation
1295,Action
1296,Action
1297,Action
1298,Action
1298,Adventure
1299,Action
1299,Adventure
1300,Action
1301,Simulation
1302,Strategy
1303,Action
1304,Adventure
1305,Role-Playing
1306,Role-Playing
1307,Action
1308,Simulation
1309,Miscellaneous
1310,Action
1311,Simulation
1312,Sports
1313,Adventure
1314,Action
1315,Action
1316,Action
1316,Adventure
1317,Adventure
1318,Action
1318,Adventure
1319,Strategy
1320,Adventure
1321,Action
1322,Action
1323,Sports
1324,Strategy
1325,Strategy
1326,Role-Playing
1327,Strategy
1328,Action
1329,Adventure
1330,Action
1331,Role-Playing
1332,Role-Playing
1333,Action
1333,Adventure
1334,Strategy
1335,Sports
1336,Role-Playing
1337,Action
1338,Role-Playing
1339,Strategy
1340,Action
1340,Adventure
1341,Action
1341,Adventure
1342,Adventure
1343,Action
1344,Driving
1345,Strategy
1346,Action
1347,Action
1348,Third-Person
1349,Miscellaneous
1350,Action
1351,Strategy
1352,Action
1352,Adventure
1353,Simulation
1354,Adventure
1355,Adventure
1356,Action
1356,Adventure
1357,Miscellaneous
1358,Action
1359,Role-Playing
1360,Action
1361,Adventure
1362,Action
1363,Adventure
1364,Role-Playing
1365,Sports
1366,Simulation
1367,Strategy
1368,Miscellaneous
1369,Simulation
1370,Action
1371,Action
1372,Driving
1373,Strategy
1374,Adventure
1375,Miscellaneous
1376,Miscellaneous
1377,Action
1378,Adventure
1379,Action
1380,Adventure
1381,Sports
1382,Strategy
1383,Strategy
1384,Strategy
1385,Strategy
1386,Role-Playing
1387,Action
1388,Puzzle
1389,Action
1389,Adventure
1390,Strategy
1391,Strategy
1392,Adventure
1393,Action
1394,Action
1395,Action
1395,Adventure
1396,Action
1397,Strategy
1398,Action
1399,Sci-Fi
1400,Strategy
1401,Action
1401,Adventure
1402,Adventure
1403,Simulation
1404,Simulation
1405,Strategy
1406,Other
1406,Strategy
1406,Games
1407,Action
1408,Driving
1409,Sports
1410,Action
1411,Strategy
1412,Miscellaneous
1413,Adventure
1414,Adventure
1414,Games
1415,Action
1416,Strategy
1417,Action
1418,Action
1419,Action
1419,Adventure
1420,Role-Playing
1421,Action
1422,Miscellaneous
1423,Strategy
1424,Action
1425,Strategy
1426,Miscellaneous
1427,Action
1428,Strategy
1429,Miscellaneous
1430,Action
1431,Adventure
1432,Action
1432,Adventure
1433,Strategy
1434,Strategy
1435,Miscellaneous
1436,Action
1437,Action
1438,Action
1439,Action
1439,Adventure
1440,Role-Playing
1441,Strategy
1442,Strategy
1443,Action
1444,Action
1444,Adventure
1445,Driving
1446,Adventure
1447,Role-Playing
1448,Action
1449,Action
1450,Strategy
1451,Action
1452,Action
1452,Adventure
1453,Action
1453,Adventure
1454,Action
1455,Action
1456,Action
1457,Simulation
1458,Adventure
1459,Strategy
1460,Adventure
1461,Action
1462,Action
1462,Adventure
1463,General
1464,Action
1464,Adventure
1465,Action
1465,Adventure
1466,Action
1467,Adventure
1468,Miscellaneous
1469,Adventure
1470,Miscellaneous
1471,Adventure
1472,Action
1473,Adventure
1474,Action
1475,Action
1476,Action
1477,Sports
1478,Simulation
1479,Strategy
1480,Action
1481,Action
1481,Adventure
1482,Role-Playing
1483,Miscellaneous
1484,Puzzle
1485,Strategy
1486,Role-Playing
1487,Strategy
1488,Action
1489,Adventure
1490,Miscellaneous
1491,Strategy
1492,Role-Playing
1493,Action
1493,Adventure
1494,Action
1495,Action
1495,Adventure
1496,Action
1497,Strategy
1498,Simulation
1499,Simulation
1500,Role-Playing
1501,Action
1502,Strategy
1503,Adventure
1504,Action
1505,Adventure
1506,Role-Playing
1507,Action
1508,Action
1509,Action
1509,Adventure
1510,Strategy
1511,Action
1512,Strategy
1513,Miscellaneous
1514,Action
1514,Adventure
1515,Action
1516,Sci-Fi
1517,Strategy
1518,Action
1519,Strategy
1520,Action
1521,Adventure
1522,Adventure
1523,Action
1524,Action
1525,Driving
1526,Adventure
1527,Adventure
1528,Adventure
1529,Role-Playing
1530,Role-Playing
1531,Strategy
1532,Adventure
1533,Historic
1534,Action
1535,Action
1535,Adventure
1536,Action
1536,Adventure
1537,Simulation
1538,Strategy
1539,Action
1540,Simulation
1541,Role-Playing
1542,Simulation
1543,Strategy
1544,Miscellaneous
1545,Strategy
1546,Strategy
1547,Strategy
1548,Action
1549,Action
1550,Action
1551,Adventure
1552,Strategy
1553,Miscellaneous
1554,Strategy
1555,Role-Playing
1556,Action
1557,Action
1558,Role-Playing
1559,Role-Playing
1560,Strategy
1561,Strategy
1562,First-Person
1562,Shooters
1563,Action
1564,Action
1565,Role-Playing
1566,Historic
1567,Action
1568,Combat
1568,Sims
1569,Adventure
1570,Driving
1571,Driving
1572,Action
1573,Sports
1574,Action
1575,Action
1575,Adventure
1576,Role-Playing
1577,Action
1578,Action
1579,Strategy
1580,Action
1581,Action
1582,Strategy
1583,Strategy
1584,Adventure
1585,Adventure
1586,Adventure
1587,Horror
1588,Action
1589,Simulation
1590,Action
1591,Action
1592,Strategy
1593,Action
1594,Action
1594,Adventure
1595,Miscellaneous
1596,Action
1597,Strategy
1598,Strategy
1599,Strategy
1600,Adventure
1601,Role-Playing
1602,Action
1603,Miscellaneous
1604,Sports
1605,Miscellaneous
1606,Simulation
1607,Action
1608,Simulation
1609,Action
1610,Action
1611,Action
1612,Role-Playing
1613,Role-Playing
1614,Role-Playing
1615,Strategy
1616,Action
1617,Action
1618,Action
1619,Action
1620,Action
1620,Adventure
1621,Action
1621,Adventure
1622,Adventure
1623,Strategy
1624,Action
1625,Sports
1626,Action
1627,Adventure
1628,Driving
1629,Action
1630,Miscellaneous
1631,Adventure
1632,Action
1633,Action
1634,Driving
1635,Sports
1636,Action
1636,Adventure
1637,Miscellaneous
1638,Driving
1639,Sports
1640,Action
1640,Adventure
1641,Simulation
1642,Strategy
1643,Strategy
1644,Role-Playing
1645,Action
1646,Strategy
1647,Action
1647,Adventure
1648,Role-Playing
1649,Miscellaneous
1650,Role-Playing
1651,Strategy
1652,Action
1652,Adventure
1653,Strategy
1654,Miscellaneous
1655,Simulation
1656,Miscellaneous
1657,Strategy
1658,Role-Playing
1659,Action
1660,Action
1660,Adventure
1661,Adventure
1662,Action
1663,Strategy
1664,Action
1665,Action
1665,Adventure
1666,Action
1666,Adventure
1667,Adventure
1668,Strategy
1669,Adventure
1670,Action
1670,Adventure
1671,Role-Playing
1672,Strategy
1673,Role-Playing
1674,Action
1675,Adventure
1676,Strategy
1677,Action
1678,Action
1678,Adventure
1679,Action
1680,Action
1681,Action
1682,Action
1683,Adventure
1684,Action
1684,Adventure
1685,Role-Playing
1686,Miscellaneous
1687,Role-Playing
1688,Role-Playing
1689,Adventure
1690,Action
1690,Adventure
1691,Strategy
1692,Strategy
1693,Action
1694,Strategy
1695,Driving
1696,Driving
1697,Other
1697,Strategy
1697,Games
1698,Action
1699,Action
1700,Simulation
1701,Adventure
1702,Action
1703,Adventure
1703,Games
1704,Action
1705,Simulation
1706,Strategy
1707,Strategy
1708,Strategy
1709,Action
1710,Strategy
1711,Driving
1712,Simulation
1713,Strategy
1714,Historic
1715,Action
1716,Strategy
1717,Miscellaneous
1718,Sports
1719,Driving
1720,Strategy
1721,Action
1722,Strategy
1723,Strategy
1724,Puzzle
1725,Sports
1726,Modern
1727,Action
1727,Adventure
1728,Action
1729,Adventure
1730,Action
1730,Adventure
1731,Strategy
1732,Strategy
1733,Role-Playing
1734,Strategy
1735,Role-Playing
1736,Sports
1737,Strategy
1738,Driving
1739,Adventure
1740,Action
1741,Action
1742,Strategy
1743,Action
1744,Simulation
1745,Action
1745,Adventure
1746,Action
1747,Strategy
1748,Action
1748,Adventure
1749,Sports
1750,Adventure
1751,Action
1752,Strategy
1753,Strategy
1754,Miscellaneous
1755,Action
1756,Action
1757,Role-Playing
1758,Action
1758,Adventure
1759,Action
1760,Strategy
1761,Strategy
1762,Strategy
1763,Strategy
1764,Adventure
1765,Action
1766,Action
1766,Adventure
1767,Action
1768,Role-Playing
1769,Adventure
1770,Strategy
1771,Action
1772,Miscellaneous
1773,Strategy
1774,Action
1775,Driving
1776,Action
1776,Adventure
1777,Action
1778,Strategy
1779,Action
1779,Adventure
1780,Simulation
1781,Adventure
1782,Strategy
1783,Action
1784,Adventure
1785,Role-Playing
1786,Adventure
1787,Role-Playing
1788,Miscellaneous
1789,Action
1790,Role-Playing
1791,Adventure
1792,Strategy
1793,Strategy
1794,Adventure
1795,Role-Playing
1796,Adventure
1797,Action
1797,Adventure
1798,Puzzle
1799,Action
1800,Action
1801,Miscellaneous
1802,Simulation
1803,Adventure
1804,Strategy
1805,Driving
1806,Sports
1807,Miscellaneous
1808,Action
1809,Miscellaneous
1810,Action
1811,Role-Playing
1812,Driving
1813,Simulation
1814,Action
1815,Adventure
1815,Games
1816,Action
1817,Role-Playing
1818,Action
1818,Adventure
1819,Action
1819,Adventure
1820,Action
1820,Adventure
1821,Adventure
1822,Strategy
1823,Adventure
1824,Sports
1825,Role-Playing
1826,Action
1826,Adventure
1827,Sci-Fi
1828,Action
1829,Action
1830,Action
1830,Adventure
1831,Action
1832,Adventure
1833,Strategy
1834,Role-Playing
1835,Role-Playing
1836,Driving
1837,Strategy
1838,Miscellaneous
1839,Adventure
1840,Simulation
1841,Action
1842,Sports
1843,Strategy
1844,Role-Playing
1845,Strategy
1846,Action
1846,Adventure
1847,Action
1847,Adventure
1848,Simulation
1849,Driving
1850,Strategy
1851,Action
1852,Strategy
1853,Adventure
1854,Role-Playing
1855,Action
1856,Miscellaneous
1857,Role-Playing
1858,Role-Playing
1859,Action
1860,Role-Playing
1861,Adventure
1862,Action
1863,Sci-Fi
1864,Strategy
1865,Miscellaneous
1866,Miscellaneous
1867,Strategy
1868,Simulation
1869,Adventure
1870,Strategy
1871,Action
1872,Action
1873,Action
1874,Sports
1875,Sports
1876,Strategy
1877,Simulation
1878,Action
1879,Racing
1880,Sci-Fi
1881,Action
1881,Adventure
1882,Driving
1883,Action
1883,Adventure
1884,Action
1884,Adventure
1885,Role-Playing
1886,Miscellaneous
1887,Strategy
1888,Driving
1889,Action
1889,Adventure
1890,Driving
1891,Role-Playing
1892,Adventure
1893,Simulation
1894,Adventure
1895,Sports
1896,Action
1896,Adventure
1897,Simulation
1898,Action
1899,Action
1899,Adventure
1900,Strategy
1901,Simulation
1902,Strategy
1903,Adventure
1904,Miscellaneous
1905,Strategy
1906,Strategy
1907,Adventure
1908,Strategy
1909,Strategy
1910,Simulation
1911,Action
1912,Action
1912,Adventure
1913,Strategy
1914,Action
1915,Role-Playing
1916,Adventure
1917,Role-Playing
1918,Adventure
1919,Action
1919,Adventure
1920,Role-Playing
1921,Strategy
1922,Strategy
1923,Sports
1924,Strategy
1925,Action
1926,Action
1926,Adventure
1927,Turn-Based
1927,Strategy
1928,Role-Playing
1929,Action
1930,Action
1931,Modern
1932,Strategy
1933,Miscellaneous
1934,Role-Playing
1935,Strategy
1936,Strategy
1937,Role-Playing
1938,Simulation
1939,Strategy
1940,Action
1940,Adventure
1941,Strategy
1942,Action
1942,Adventure
1943,Action
1944,Role-Playing
1945,Adventure
1946,Strategy
1947,Action
1948,Strategy
1949,Simulation
1950,Action
1950,Adventure
1951,Sports
1952,Action
1953,Action
1954,Driving
1955,Military
1956,Adventure
1957,Role-Playing
1958,Strategy
1959,Strategy
1960,Role-Playing
1961,Adventure
1962,Simulation
1963,Strategy
1964,Adventure
1965,Action
1965,Adventure
1966,Action
1966,Adventure
1967,Adventure
1968,Strategy
1969,Simulation
1970,Action
1971,Strategy
1972,Action
1973,Action
1973,Adventure
1974,Adventure
1975,Strategy
1976,Action
1977,Strategy
1978,Role-Playing
1979,Action
1979,Adventure
1980,Action
1981,Role-Playing
1982,Action
1983,Strategy
1984,Action
1985,Action
1986,Role-Playing
1987,Action
1987,Adventure
1988,Strategy
1989,Action
1990,Action
1991,Strategy
1992,Strategy
1993,Action
1994,Role-Playing
1995,Racing
1996,Strategy
1997,Action
1998,Action
1999,Simulation
2000,Strategy
2001,Sci-Fi
2002,Adventure
2003,Action
2003,Adventure
2004,Action
2005,Sports
2006,Strategy
2007,Simulation
2008,Strategy
2009,Adventure
2010,Action
2011,Adventure
2012,Driving
2013,Action
2014,Simulation
2015,Strategy
2016,Role-Playing
2017,Traditional
2018,Strategy
2019,Action
2020,Action
2021,Miscellaneous
2022,Simulation
2023,Action
2024,Strategy
2025,Action
2026,Action
2027,Role-Playing
2028,Strategy
2029,Strategy
2030,Action
2030,Adventure
2031,Simulation
2032,Action
2033,Miscellaneous
2034,Adventure
2035,Adventure
2036,Action
2037,Simulation
2038,Adventure
2039,Strategy
2040,Strategy
2041,Action
2042,Strategy
2043,Strategy
2044,Adventure
2045,Action
2045,Adventure
2046,Role-Playing
2047,Miscellaneous
2048,Strategy
2049,Role-Playing
2050,Action
2051,Driving
2052,Action
2053,Strategy
2054,Adventure
2055,Sports
2056,Action
2057,Action
2058,Strategy
2059,Simulation
2060,Role-Playing
2061,Virtual
2061,Life
2061,Games
2062,Action
2063,Action
2064,Adventure
2065,Miscellaneous
2066,Action
2066,Adventure
2067,Adventure
2068,Adventure
2069,Action
2070,Adventure
2071,Strategy
2072,Strategy
2073,Action
2074,Action
2074,Adventure
2075,Action
2076,Strategy
2077,Strategy
2078,Role-Playing
2079,Role-Playing
2080,Action
2080,Adventure
2081,Action
2081,Adventure
2082,Adventure
2083,Action
2084,Strategy
2085,Role-Playing
2086,Strategy
2087,Action
2088,Strategy
2089,Adventure
2090,Strategy
2091,Modern
2092,Adventure
2093,Adventure
2094,Action
2095,Action
2096,Strategy
2097,Adventure
2098,Adventure
2099,Strategy
2100,Sci-Fi
2101,Action
2101,Adventure
2102,Strategy
2103,Role-Playing
2104,Simulation
2105,Strategy
2106,Strategy
2107,Strategy
2108,Strategy
2109,Strategy
2110,Adventure
2110,Games
2111,Strategy
2112,Strategy
2113,Fantasy
2114,Action
2115,Driving
2116,Driving
2117,Action
2118,Sports
2119,Action
2120,Role-Playing
2121,Role-Playing
2122,Action
2123,Action
2123,Adventure
2124,Sports
2125,Miscellaneous
2126,Driving
2127,Action
2128,Role-Playing
2129,Driving
2130,Action
2131,Driving
2132,Action
2133,Role-Playing
2134,Action
2135,Action
2135,Adventure
2136,Strategy
2137,Action
2137,Adventure
2138,Action
2139,Miscellaneous
2140,Simulation
2141,Simulation
2142,Sports
2143,Strategy
2144,Action
2144,Adventure
2145,Strategy
2146,Strategy
2147,Action
2148,Strategy
2149,Action
2150,Action
2151,Role-Playing
2152,Driving
2153,Action
2154,Adventure
2155,Role-Playing
2156,Action
2157,Adventure
2158,Action
2159,Adventure
2159,Games
2160,Adventure
2161,Role-Playing
2162,Role-Playing
2163,Role-Playing
2164,Action
2164,Adventure
2165,Action
2166,Strategy
2167,Sports
2168,Action
2169,Adventure
2170,Strategy
2171,Miscellaneous
2172,Strategy
2173,Action
2174,Strategy
2175,Adventure
2176,Action
2176,Adventure
2177,Action
2177,Adventure
2178,Strategy
2179,Strategy
2180,Action
2181,Adventure
2182,Action
2182,Adventure
2183,Action
2184,Strategy
2185,Action
2186,Strategy
2187,Strategy
2188,Action
2189,Role-Playing
2190,Action
2191,Strategy
2192,Strategy
2193,Adventure
2194,Strategy
2195,Strategy
2196,Massively
2196,Multiplayer
2196,Online
2197,Action
2198,Action
2199,Adventure
2200,Action
2201,Strategy
2202,Adventure
2203,Action
2204,Action
2204,Adventure
2205,Strategy
2206,Driving
2207,Adventure
2208,Adventure
2209,Action
2210,Adventure
2211,Action
2212,Action
2212,Adventure
2213,Adventure
2214,Role-Playing
2215,Strategy
2216,Action
2217,Sports
2218,Strategy
2219,Driving
2220,Action
2220,Adventure
2221,Strategy
2222,Role-Playing
2223,Strategy
2224,Strategy
2225,Strategy
2226,Role-Playing
2227,Adventure
2228,Adventure
2228,Games
2229,Action
2230,Role-Playing
2231,Action
2232,Action
2233,Action
2233,Adventure
2234,Adventure
2235,Action
2236,Simulation
2237,Action
2238,Strategy
2239,Racing
2240,Action
2240,Adventure
2241,Strategy
2242,Action
2242,Adventure
2243,Action
2244,Action
2244,Adventure
2245,Action
2246,Miscellaneous
2247,Strategy
2248,Role-Playing
2249,Adventure
2250,Strategy
2251,Role-Playing
2252,Adventure
2253,Action
2253,Adventure
2254,Action
2254,Adventure
2255,Action
2256,Action
2257,Puzzle
2258,Action
2259,Adventure
2260,Strategy
2261,Strategy
2262,Miscellaneous
2263,Sports
2264,Miscellaneous
2265,Action
2266,Miscellaneous
2267,Sports
2268,Sports
2269,Adventure
2270,Role-Playing
2271,Adventure
2272,Strategy
2273,Strategy
2274,Strategy
2275,Strategy
2276,Driving
2277,Action
2278,Action
2279,Action
2280,Strategy
2281,Strategy
2282,Adventure
2283,Action
2284,Strategy
2285,Action
2286,Action
2286,Adventure
2287,Simulation
2288,Role-Playing
2289,Adventure
2290,Action
2290,Adventure
2291,Strategy
2292,Action
2293,Strategy
2294,Strategy
2295,Adventure
2296,Strategy
2297,Role-Playing
2298,Strategy
2299,Action
2300,Simulation
2301,Action
2302,Role-Playing
2303,Action
2303,Adventure
2304,Action
2304,Adventure
2305,Miscellaneous
2306,Action
2307,Action
2308,Strategy
2309,Action
2310,Action
2311,Action
2312,Simulation
2313,Driving
2314,Adventure
2315,Adventure
2316,Adventure
2317,Action
2318,Action
2319,Strategy
2320,Simulation
2321,Strategy
2322,Simulation
2323,Fantasy
2324,Action
2325,Miscellaneous
2326,Strategy
2327,Action
2328,Action
2329,Action
2330,Simulation
2331,Strategy
2332,Sports
2333,Adventure
2334,Adventure
2335,Action
2336,Driving
2337,Sports
2338,Adventure
2339,Strategy
2340,Strategy
2341,Action
2342,Action
2343,Action
2343,Adventure
2344,Action
2345,Strategy
2346,Action
2346,Adventure
2347,Action
2347,Adventure
2348,Adventure
2349,Adventure
2350,Action
2350,Adventure
2351,Action
2352,Action
2352,Adventure
2353,Strategy
2354,Action
2355,Simulation
2356,Action
2357,Adventure
2358,Adventure
2359,Action
2360,Simulation
2361,Adventure
2362,Adventure
2363,Action
2364,Strategy
2365,Strategy
2366,Racing
2367,Action
2368,Simulation
2369,Adventure
2370,Strategy
2371,Sports
2372,Action
2373,Adventure
2374,Strategy
2375,Simulation
2376,Action
2377,Action
2377,Adventure
2378,Strategy
2379,Action
2380,Driving
2381,Action
2381,Adventure
2382,Adventure
2383,Strategy
2384,Role-Playing
2385,Strategy
2386,Adventure
2387,Action
2387,Adventure
2388,Action
2389,Adventure
2390,Strategy
2391,Miscellaneous
2392,Action
2392,Adventure
2393,Strategy
2394,Driving
2395,Action
2396,Modern
2397,Adventure
2398,Action
2398,Adventure
2399,Adventure
2399,Games
2400,Action
2401,Role-Playing
2402,Action
2403,Strategy
2404,Miscellaneous
2405,Role-Playing
2406,Action
2407,Action
2407,Adventure
2408,Role-Playing
2409,Adventure
2410,Action
2410,Adventure
2411,Role-Playing
2412,Adventure
2413,Miscellaneous
2414,Strategy
2415,Adventure
2416,Role-Playing
2417,Action
2417,Adventure
2418,Strategy
2419,Role-Playing
2420,Action
2421,First-Person
2422,Role-Playing
2423,Sports
2424,Role-Playing
2425,Action
2425,Adventure
2426,Action
2427,Role-Playing
2428,Action
2428,Adventure
2429,Action
2430,Action
2431,General
2432,Action
2433,Miscellaneous
2434,Action
2435,Adventure
2436,Adventure
2437,Scrolling
2438,Adventure
2438,Games
2439,Adventure
2440,Action
2441,Strategy
2442,General
2443,Action
2443,Adventure
2444,Action
2445,Role-Playing
2446,Adventure
2447,Action
2448,Strategy
2449,Strategy
2450,Real-Time
2450,Strategy
2451,Action
2452,Adventure
2453,Strategy
2454,General
2455,Adventure
2456,Adventure
2457,Action
2457,Adventure
2458,Miscellaneous
2459,Action
2459,Adventure
2460,Adventure
2461,Action
2461,Adventure
2462,First-Person
2463,Driving
2464,Strategy
2465,Driving
2466,Driving
2467,Action
2468,Strategy
2469,Strategy
2470,Adventure
2471,Action
2472,Simulation
2473,Adventure
2474,Strategy
2475,Strategy
2476,Strategy
2477,Action
2478,Adventure
2479,Action
2480,Simulation
2481,Action
2482,Role-Playing
2483,Action
2484,Action
2485,Action
2486,Adventure
2487,Sports
2488,Action
2489,Role-Playing
2490,Strategy
2491,Action
2492,Strategy
2493,Adventure
2494,Action
2495,Adventure
2496,Action
2497,Action
2498,Strategy
2499,Sports
2500,Role-Playing
2501,Miscellaneous
2502,Action
2503,Role-Playing
2504,Racing
2505,Role-Playing
2506,Alternative
2507,Sports
2508,Action
2508,Adventure
2509,Driving
2510,Miscellaneous
2511,Strategy
2512,Action
2513,Action
2514,Adventure
2515,Simulation
2516,Action
2517,Strategy
2518,Action
2519,Strategy
2520,Adventure
2521,Miscellaneous
2522,Miscellaneous
2523,Strategy
2524,Strategy
2525,Simulation
2526,Strategy
2527,Sports
2528,Action
2529,Action
2530,Adventure
2531,Action
2532,Strategy
2533,Action
2534,Adventure
2535,Strategy
2536,Action
2537,Massively
2537,Multiplayer
2537,Online
2538,Strategy
2539,Miscellaneous
2540,Strategy
2541,Strategy
2542,Action
2543,Simulation
2544,First-Person
2545,Strategy
2546,Simulation
2547,Action
2547,Adventure
2548,Action
2549,Simulation
2550,Strategy
2551,Strategy
2552,Strategy
2553,Action
2554,Action
2554,Adventure
2555,Racing
2556,Action
2557,Action
2557,Adventure
2558,Simulation
2559,Strategy
2560,Strategy
2561,Action
2561,Adventure
2562,First-Person
2563,Miscellaneous
2564,Miscellaneous
2565,Action
2566,Action
2566,Adventure
2567,Sports
2568,Adventure
2569,Strategy
2570,Action
2571,Action
2571,Adventure
2572,Role-Playing
2573,Action
2574,Action
2575,Action
2576,Action
2577,Action
2578,Sports
2579,Adventure
2580,Action
2580,Adventure
2581,Action
2582,Miscellaneous
2583,Adventure
2584,Action
2585,Strategy
2586,Action
2587,Fantasy
2588,Strategy
2589,Action
2589,Adventure
2590,Strategy
2591,Action
2591,Adventure
2592,Action
2593,Strategy
2594,Role-Playing
2595,Driving
2596,Role-Playing
2597,Action
2598,Strategy
2599,Role-Playing
2600,Action
2600,Adventure
2601,Action
2602,Driving
2603,Action
2603,Adventure
2604,Strategy
2605,Action
2606,Action
2607,Role-Playing
2608,Action
2609,Adventure
2610,Action
2610,Adventure
2611,Action
2612,Adventure
2613,Adventure
2614,Strategy
2615,Action
2616,Adventure
2617,Action
2618,Strategy
2619,Strategy
2620,Action
2621,Driving
2622,Adventure
2623,Strategy
2624,Action
2625,Action
2625,Adventure
2626,Action
2627,Role-Playing
2628,Action
2628,Adventure
2629,Strategy
2630,Strategy
2631,Adventure
2632,Action
2633,Action
2633,Adventure
2634,Adventure
2635,Action
2636,Adventure
2637,Strategy
2638,Action
2639,Adventure
2640,Action
2640,Adventure
2641,Strategy
2642,Adventure
2643,Strategy
2644,Action
2644,Adventure
2645,Strategy
2646,Adventure
2647,Action
2648,Action
2649,Miscellaneous
2650,Action
2651,Action
2651,Adventure
2652,Strategy
2653,Strategy
2654,Action
2654,Adventure
2655,Strategy
2656,Action
2657,Action
2658,Strategy
2659,Role-Playing
2660,Action
2660,Adventure
2661,Strategy
2662,Adventure
2663,Simulation
2664,Role-Playing
2665,Strategy
2666,Adventure
2667,Role-Playing
2668,Strategy
2669,Strategy
2670,Adventure
2671,Action
2672,Adventure
2673,Adventure
2674,Strategy
2675,Action
2676,Role-Playing
2677,Strategy
2678,Action
2679,Strategy
2680,Simulation
2681,Driving
2682,Action
2683,Strategy
2684,Action
2685,Simulation
2686,Action
2687,Role-Playing
2688,Action
2688,Adventure
2689,Role-Playing
2690,Miscellaneous
2691,Action
2691,Adventure
2692,Action
2693,Adventure
2694,Action
2695,Simulation
2696,Real-Time
2696,Strategy
2697,First-Person
2698,Action
2699,Action
2700,Strategy
2701,Action
2702,Strategy
2703,Role-Playing
2704,Action
2705,Action
2706,Action
2707,Simulation
2708,Sports
2709,Strategy
2710,Adventure
2711,Action
2712,Role-Playing
2713,Strategy
2714,Strategy
2715,Strategy
2716,Role-Playing
2717,Strategy
2718,Action
2719,Driving
2720,Role-Playing
2721,Strategy
2722,Strategy
2723,Action
2724,Racing
2725,Simulation
2726,Strategy
2727,Miscellaneous
2728,Role-Playing
2729,Adventure
2729,Games
2730,Simulation
2731,Role-Playing
2732,Strategy
2733,Adventure
2734,Action
2734,Adventure
2735,Action
2736,Action
2737,Action
2738,Action
2739,Action
2740,Driving
2741,Strategy
2742,Sci-Fi
2743,Miscellaneous
2744,Driving
2745,Role-Playing
2746,Driving
2747,Adventure
2748,Action
2748,Adventure
2749,Action
2749,Adventure
2750,Adventure
2750,Games
2751,Action
2752,Strategy
2753,Role-Playing
2754,Adventure
2755,Strategy
2756,Action
2756,Adventure
2757,Role-Playing
2758,Strategy
2759,Racing
2760,Strategy
2761,Action
2762,Action
2763,Role-Playing
2764,Action
2765,Simulation
2766,Other
2766,Strategy
2766,Games
2767,Action
2768,Adventure
2769,Sports
2770,Strategy
2771,Role-Playing
2772,Action
2773,Action
2774,Strategy
2775,Strategy
2776,Role-Playing
2777,Action
2777,Adventure
2778,Action
2779,Strategy
2780,Action
2781,Simulation
2782,Action
2783,Action
2783,Adventure
2784,Adventure
2785,Action
2786,Driving
2787,Action
2788,Adventure
2789,Strategy
2790,Strategy
2791,Role-Playing
2792,Role-Playing
2793,Action
2794,Action
2795,Action
2796,Action
2797,Action
2798,Action
2799,Adventure
2800,Adventure
2801,Strategy
2802,Miscellaneous
2803,Strategy
2804,Simulation
2805,Action
2805,Adventure
2806,Miscellaneous
2807,Driving
2808,Action
2808,Adventure
2809,Strategy
2810,Action
2810,Adventure
2811,Adventure
2812,Action
2812,Adventure
2813,Miscellaneous
2814,Action
2815,Futuristic
2816,Strategy
2817,Role-Playing
2818,Strategy
2819,Strategy
2820,Simulation
2821,Action
2822,Action
2823,Strategy
2824,Action
2825,Action
2826,Driving
2827,Role-Playing
2828,Action
2828,Adventure
2829,Simulation
2830,Action
2831,Strategy
2832,Simulation
2833,Sports
2834,Adventure
2835,Driving
2836,Driving
2837,Strategy
2838,Action
2839,Miscellaneous
2840,Driving
2841,Adventure
2842,Action
2843,Role-Playing
2844,Adventure
2845,Action
2845,Adventure
2846,Strategy
2847,Action
2847,Adventure
2848,Strategy
2849,Action
2850,Action
2850,Adventure
2851,Action
2851,Adventure
2852,Action
2853,Sports
2854,Action
2855,Simulation
2856,Action
2857,Action
2858,Strategy
2859,Strategy
2860,Role-Playing
2861,Adventure
2862,Action
2863,Strategy
2864,Strategy
2865,Strategy
2866,Strategy
2867,Action
2867,Adventure
2868,Adventure
2869,Action
2869,Adventure
2870,Role-Playing
2871,Action
2871,Adventure
2872,Action
2873,Strategy
2874,Driving
2875,Action
2876,Adventure
2877,Strategy
2878,Adventure
2879,Action
2880,Action
2880,Adventure
2881,Action
2882,Role-Playing
2883,Action
2883,Adventure
2884,Action
2885,Simulation
2886,Action
2887,Action
2887,Adventure
2888,Action
2888,Adventure
2889,Strategy
2890,Strategy
2891,Strategy
2892,Action
2893,Action
2894,Miscellaneous
2895,Adventure
2896,Action
2897,Massively
2897,Multiplayer
2898,Simulation
2899,Action
2900,Puzzle
2901,Action
2901,Adventure
2902,Adventure
2903,Action
2904,Driving
2905,Action
2906,Role-Playing
2907,Simulation
2908,Adventure
2909,Simulation
2910,Sports
2911,Adventure
2912,Driving
2913,Strategy
2914,Role-Playing
2915,Action
2916,Strategy
2917,Simulation
2918,Other
2918,Strategy
2918,Games
2919,Strategy
2920,Strategy
2921,Driving
2922,Strategy
2923,Strategy
2924,Role-Playing
2925,Strategy
2926,Sci-Fi
2927,Strategy
2928,Action
2928,Adventure
2929,Strategy
2930,Action
2931,Strategy
2932,Strategy
2933,Adventure
2934,Role-Playing
2935,Strategy
2936,Role-Playing
2937,Strategy
2938,Action
2939,Adventure
2940,First-Person
2941,Action
2942,Adventure
2943,Strategy
2944,Sports
2945,Adventure
2946,Adventure
2947,Action
2948,Strategy
2949,Role-Playing
2950,Action
2951,Strategy
2952,Action
2953,Action
2954,Driving
2955,Action
2956,Strategy
2957,Action
2957,Adventure
2958,Action
2958,Adventure
2959,Strategy
2960,Action
2961,Simulations
2962,Action
2962,Adventure
2963,Driving
2964,Strategy
2965,Adventure
2966,Action
2967,Strategy
2968,Adventure
2969,General
2970,Massively
2970,Multiplayer
2971,Action
2971,Adventure
2972,Action
2972,Adventure
2973,Role-Playing
2974,Strategy
2975,Action
2976,Action
2977,Strategy
2978,Role-Playing
2979,Action
2980,Sci-Fi
2981,Action
2981,Adventure
2982,Strategy
2983,Action
2984,Action
2985,Adventure
2986,Adventure
2987,Action
2988,Strategy
2989,Role-Playing
2990,Role-Playing
2991,Action
2992,Action
2993,Miscellaneous
2994,Fantasy
2995,Strategy
2996,Role-Playing
2997,Strategy
2998,Driving
2999,Strategy
3000,Strategy
3001,Sports
3002,Adventure
3003,Simulation
3004,Strategy
3005,Action
3006,Action
3006,Adventure
3007,Action
3008,Simulation
3009,Role-Playing
3010,Adventure
3011,Action
3012,Adventure
3013,Adventure
3014,Action
3015,Role-Playing
3016,Simulation
3017,Role-Playing
3018,Action
3019,Strategy
3020,Action
3021,Strategy
3022,Adventure
3023,Role-Playing
3024,Strategy
3025,Adventure
3026,Sports
3027,Adventure
3028,Strategy
3029,Action
3030,Role-Playing
3031,Simulation
3032,Strategy
3033,Action
3034,Action
3035,Action
3035,Adventure
3036,Adventure
3037,Action
3037,Adventure
3038,Action
3039,Action
3040,Action
3041,Action
3042,Miscellaneous
3043,Action
3043,Adventure
3044,Action
3045,Action
3046,Strategy
3047,Role-Playing
3048,Action
3048,Adventure
3049,Strategy
3050,Action
3050,Adventure
3051,Action
3052,Action
3052,Adventure
3053,Simulation
3054,Action
3055,Role-Playing
3056,Role-Playing
3057,Action
3057,Adventure
3058,Strategy
3059,Role-Playing
3060,Sports
3061,Action
3062,Action
3063,Action
3063,Adventure
3064,Action
3064,Adventure
3065,Action
3066,Action
3066,Adventure
3067,Action
3068,Role-Playing
3069,Action
3070,Adventure
3071,Adventure
3072,Action
3073,Action
3073,Adventure
3074,Action
3075,Strategy
3076,Action
3076,Adventure
3077,Strategy
3078,Strategy
3079,Action
3080,Role-Playing
3081,Strategy
3082,Strategy
3083,Action
3084,Action
3085,Action
3086,Adventure
3087,Adventure
3088,Strategy
3089,Role-Playing
3090,Strategy
3091,Simulation
3092,Adventure
3093,Role-Playing
3094,Action
3095,Miscellaneous
3096,Action
3096,Adventure
3097,Miscellaneous
3098,Action
3099,Adventure
3099,Games
3100,Simulation
3101,Sports
3102,Action
3103,Action
3103,Adventure
3104,Simulation
3105,Driving
3106,Action
3107,Strategy
3108,Action
3109,Action
3110,Adventure
3111,Action
3112,Action
3112,Adventure
3113,Strategy
3114,Miscellaneous
3115,Strategy
3116,Strategy
3117,Action
3118,Action
3119,Action
3119,Adventure
3120,Action
3120,Adventure
3121,Action
3122,Adventure
3123,Adventure
3124,Role-Playing
3125,Simulation
3126,Strategy
3127,Strategy
3128,Role-Playing
3129,Action
3130,Strategy
3131,Sports
3132,Action
3133,Role-Playing
3134,Adventure
3135,Action
3135,Adventure
3136,Action
3137,Miscellaneous
3138,Role-Playing
3139,Strategy
3140,Strategy
3141,Action
3142,Adventure
3143,Adventure
3144,Strategy
3145,Action
3146,Role-Playing
3147,Adventure
3148,Adventure
3149,Action
3150,Action
3150,Adventure
3151,Action
3151,Adventure
3152,Sports
3153,Action
3153,Adventure
3154,Strategy
3155,Action
3156,Action
3156,Adventure
3157,Miscellaneous
3158,Strategy
3159,Adventure
3160,Sports
3161,Action
3162,Action
3163,Action
3164,Action
3165,Strategy
3166,Strategy
3167,Adventure
3168,Role-Playing
3169,Action
3170,Sports
3171,Adventure
3172,Strategy
3173,Sports
3174,Action
3175,Action
3176,Action
3177,Action
3178,Adventure
3179,Adventure
3180,Action
3180,Adventure
3181,Action
3182,Driving
3183,Strategy
3184,Action
3185,Action
3185,Adventure
3186,Action
3187,Strategy
3188,Action
3188,Adventure
3189,Role-Playing
3190,Simulation
3191,Adventure
3192,Action
3193,Action
3194,Action
3195,Action
3195,Adventure
3196,Role-Playing
3197,Role-Playing
3198,Strategy
3199,Role-Playing
3200,Action
3200,Adventure
3201,Action
3202,Strategy
3203,Strategy
3204,Strategy
3205,Adventure
3206,Action
3207,Action
3208,Role-Playing
3209,Action
3210,Action
3211,Action
3211,Adventure
3212,Action
3212,Adventure
3213,Role-Playing
3214,Action
3214,Adventure
3215,Action
3215,Adventure
3216,Strategy
3217,Action
3218,Role-Playing
3219,First-Person
3220,Miscellaneous
3221,Action
3222,Action
3222,Adventure
3223,Action
3223,Adventure
3224,Strategy
3225,Action
3226,Action
3227,Strategy
3228,Role-Playing
3229,Strategy
3230,Action
3231,Simulation
3232,Action
3233,Action
3233,Adventure
3234,Strategy
3235,Action
3235,Adventure
3236,Action
3236,Adventure
3237,Driving
3238,Adventure
3239,Simulation
3240,Role-Playing
3241,Role-Playing
3242,Action
3242,Adventure
3243,Action
3244,Adventure
3245,Sports
3246,Strategy
3247,Strategy
3248,Strategy
3249,Action
3250,Action
3251,Action
3252,Action
3253,Action
3254,Action
3255,Miscellaneous
3256,Fantasy
3257,Strategy
3258,Role-Playing
3259,Strategy
3260,Action
3261,Third-Person
3262,Sports
3263,Adventure
3264,Strategy
3265,Adventure
3266,Action
3266,Adventure
3267,Action
3268,
3269,Strategy
3270,Action
3271,Action
3272,Action
3273,Simulation
3274,Action
3275,Simulation
3276,Strategy
3277,Driving
3278,Action
3278,Adventure
3279,Strategy
3280,Simulation
3281,Role-Playing
3282,Adventure
3283,Strategy
3284,Action
3285,Action
3286,Action
3287,Strategy
3288,Sports
3289,Strategy
3290,Sports
3291,Driving
3292,Action
3293,Action
3293,Adventure
3294,Simulation
3295,Action
3296,Action
3297,Strategy
3298,Action
3299,Action
3299,Adventure
3300,Driving
3301,Adventure
3302,Action
3302,Adventure
3303,Role-Playing
3304,Strategy
3305,Role-Playing
3306,Action
3307,Strategy
3308,Strategy
3309,Sports
3310,Role-Playing
3311,Role-Playing
3312,Action
3312,Adventure
3313,Action
3313,Adventure
3314,Action
3315,Action
3316,Modern
3317,Action
3318,Strategy
3319,Action
3319,Adventure
3320,Action
3321,First-Person
3322,Strategy
3323,Strategy
3324,Strategy
3325,Adventure
3326,Role-Playing
3327,Action
3328,Strategy
3329,Action
3329,Adventure
3330,Adventure
3331,Action
3332,Adventure
3332,Games
3333,Role-Playing
3334,Action
3335,Action
3336,Strategy
3337,Action
3338,Action
3339,Action
3339,Adventure
3340,Strategy
3341,Strategy
3342,Strategy
3343,Adventure
3344,Action
3345,Action
3346,Action
3346,Adventure
3347,Action
3347,Adventure
3348,Action
3349,Driving
3350,Action
3350,Adventure
3351,Action
3352,Action
3353,Action
3353,Adventure
3354,Action
3354,Adventure
3355,Action
3356,Action
3356,Adventure
3357,Strategy
3358,Action
3359,Action
3360,Action
3361,Action
3362,Adventure
3363,Strategy
3364,Action
3364,Adventure
3365,Action
3366,Action
3367,Strategy
3368,Action
3369,Strategy
3370,Strategy
3371,Sports
3372,Adventure
3373,Action
3373,Adventure
3374,Action
3375,Action
3376,Action
3377,Simulation
3378,Action
3379,Action
3380,Action
3381,Action
3382,Action
3383,Action
3384,Action
3385,Action
3386,Action
3387,Action
3388,Action
3389,Simulation
3390,Strategy
3391,Role-Playing
3392,Action
3393,Action
3394,Action
3395,Action
3396,Strategy
3397,Action
3398,Adventure
3399,Strategy
3400,Action
3401,Action
3402,Adventure
3403,Action
3404,Action
3404,Adventure
3405,Real-Time
3405,Strategy
3406,Strategy
3407,Action
3407,Adventure
3408,Action
3409,Adventure
3410,Action
3411,Role-Playing
3412,Strategy
3413,Action
3414,Driving
3415,Role-Playing
3416,Action
3416,Adventure
3417,Action
3417,Adventure
3418,Driving
